{
  "welcomeFile": "/webapp/test/flpSandbox.html",
  "routes": [
    {
      "path": "/Northwind",
      "target": {
        "type": "destination",
        "name": "Northwind"
      },
      "description": "Northwind"
    },
    {
      "path": "/sap/bc/lrep",
      "target": {
        "type": "destination",
        "name": "Northwind",
        "entryPath": "/sap/bc/lrep"
      },
      "description": "Northwind"
    },
    {
      "path": "/resources",
      "target": {
        "type": "service",
        "name": "sapui5",
        "preferLocal": true,
        "entryPath": "/resources",
        "version": "1.82.4"
      },
      "description": "SAPUI5 Resources"
    },
    {
      "path": "/sap/ui5/1/resources",
      "target": {
        "type": "service",
        "name": "sapui5",
        "preferLocal": true,
        "version": "1.82.4"
      },
      "description": "SAPUI5 dist layer resources"
    },
    {
      "path": "/webidedispatcher/",
      "target": {
        "type": "application",
        "name": "flpsandbox",
        "preferLocal": true
      },
      "description": "Subscribed Fiori LaunchPad"
    },
    {
      "path": "/webapp/resources",
      "target": {
        "type": "service",
        "name": "sapui5",
        "entryPath": "/resources",
        "version": "1.82.4"
      },
      "description": "SAPUI5 Resources"
    },
    {
      "path": "/webapp/test-resources",
      "target": {
        "type": "service",
        "name": "sapui5",
        "entryPath": "/test-resources",
        "version": "1.82.4"
      },
      "description": "SAPUI5 Test Resources"
    },
    {
      "path": "/test-resources",
      "target": {
        "type": "service",
        "name": "sapui5",
        "entryPath": "/test-resources",
        "version": "1.82.4"
      },
      "description": "SAPUI5 Test Resources"
    }
  ],
  "sendWelcomeFileRedirect": true
}