<?xml version="1.0" encoding="utf-8"?>
<entry xml:base="https://services.odata.org/Northwind/Northwind.svc/" xmlns="http://www.w3.org/2005/Atom"
	xmlns:d="http://schemas.microsoft.com/ado/2007/08/dataservices" xmlns:m="http://schemas.microsoft.com/ado/2007/08/dataservices/metadata">
	<id>https://services.odata.org/Northwind/Northwind.svc/Products(20)</id><category term="NorthwindModel.Product" scheme="http://schemas.microsoft.com/ado/2007/08/dataservices/scheme"/><link rel="edit" title="Product" href="Products(20)"/><link rel="http://schemas.microsoft.com/ado/2007/08/dataservices/related/Category" type="application/atom+xml;type=entry" title="Category"
		href="Products(20)/Category"/><link rel="http://schemas.microsoft.com/ado/2007/08/dataservices/related/Order_Details" type="application/atom+xml;type=feed"
		title="Order_Details" href="Products(20)/Order_Details"/><link rel="http://schemas.microsoft.com/ado/2007/08/dataservices/related/Supplier" type="application/atom+xml;type=entry" title="Supplier"
		href="Products(20)/Supplier"/><title/>
	<updated>2021-10-19T13:25:19Z</updated>
	<author><name/></author>
	<content type="application/xml">
		<m:properties>
			<d:ProductID m:type="Edm.Int32">20</d:ProductID>
			<d:ProductName>Sir Rodney's Marmalade</d:ProductName>
			<d:SupplierID m:type="Edm.Int32">8</d:SupplierID>
			<d:CategoryID m:type="Edm.Int32">3</d:CategoryID>
			<d:QuantityPerUnit>30 gift boxes</d:QuantityPerUnit>
			<d:UnitPrice m:type="Edm.Decimal">81.0000</d:UnitPrice>
			<d:UnitsInStock m:type="Edm.Int16">40</d:UnitsInStock>
			<d:UnitsOnOrder m:type="Edm.Int16">0</d:UnitsOnOrder>
			<d:ReorderLevel m:type="Edm.Int16">0</d:ReorderLevel>
			<d:Discontinued m:type="Edm.Boolean">false</d:Discontinued>
		</m:properties>
	</content>
</entry>