<edmx:Edmx xmlns:edmx="http://docs.oasis-open.org/odata/ns/edmx" Version="4.0">
	<edmx:Reference Uri="http://docs.oasis-open.org/odata/odata-data-aggregation-ext/v4.0/cs02/vocabularies/Org.OData.Aggregation.V1.xml">
		<edmx:Include Alias="Aggregation" Namespace="Org.OData.Aggregation.V1"/>
	</edmx:Reference>
	<edmx:Reference Uri="http://docs.oasis-open.org/odata/odata/v4.0/errata03/os/complete/vocabularies/Org.OData.Capabilities.V1.xml">
		<edmx:Include Alias="Capabilities" Namespace="Org.OData.Capabilities.V1"/>
	</edmx:Reference>
	<edmx:Reference Uri="https://wiki.scn.sap.com/wiki/download/attachments/448470974/Common.xml?api=v2">
		<edmx:Include Alias="Common" Namespace="com.sap.vocabularies.Common.v1"/>
	</edmx:Reference>
	<edmx:Reference Uri="https://wiki.scn.sap.com/wiki/download/attachments/448470971/Communication.xml?api=v2">
		<edmx:Include Alias="vCard" Namespace="com.sap.vocabularies.Communication.v1"/>
	</edmx:Reference>
	<edmx:Reference Uri="http://docs.oasis-open.org/odata/odata/v4.0/errata03/os/complete/vocabularies/Org.OData.Core.V1.xml">
		<edmx:Include Alias="Core" Namespace="Org.OData.Core.V1"/>
	</edmx:Reference>
	<edmx:Reference Uri="http://docs.oasis-open.org/odata/odata/v4.0/errata03/os/complete/vocabularies/Org.OData.Measures.V1.xml">
		<edmx:Include Alias="CQP" Namespace="Org.OData.Measures.V1"/>
	</edmx:Reference>
	<edmx:Reference Uri="https://wiki.scn.sap.com/wiki/download/attachments/448470968/UI.xml?api=v2">
		<edmx:Include Alias="UI" Namespace="com.sap.vocabularies.UI.v1"/>
	</edmx:Reference>
	<edmx:DataServices>
		<Schema xmlns="http://docs.oasis-open.org/odata/ns/edm">
			<Annotations Target="NorthwindModel.Employee">
				<Annotation Term="UI.FieldGroup" Qualifier="Orders">
					<Record Type="UI.FieldGroupType">
						<PropertyValue Property="Data">
							<Collection>
								<Record Type="UI.DataField">
									<PropertyValue Property="Value" Path="Orders/OrderID"/>
									<PropertyValue Property="Label" String="Order ID"/>
								</Record>
								<Record Type="UI.DataField">
									<PropertyValue Property="Value" Path="Orders/Order_Details/OrderID"/>
								</Record>
							</Collection>
						</PropertyValue>
					</Record>
				</Annotation>
				<Annotation Term="UI.FieldGroup" Qualifier="Business">
					<Record Type="UI.FieldGroupType">
						<PropertyValue Property="Data">
							<Collection>
								<Record Type="UI.DataField">
									<PropertyValue Property="Value" Path="HireDate"/>
									<PropertyValue Property="Label" String="Hire Date"/>
								</Record>
								<Record Type="UI.DataField">
									<PropertyValue Property="Value" Path="HomePhone"/>
									<PropertyValue Property="Label" String="Home Phone"/>
								</Record>
								<Record Type="UI.DataField">
									<PropertyValue Property="Value" Path="Extension"/>
									<PropertyValue Property="Label" String="Extension"/>
								</Record>
								<Record Type="UI.DataField">
									<PropertyValue Property="Value" Path="ReportsTo"/>
									<PropertyValue Property="Label" String="Reports To"/>
								</Record>
							</Collection>
						</PropertyValue>
					</Record>
				</Annotation>
				<Annotation Term="UI.Facets">
					<Collection>
						<Record Type="UI.ReferenceFacet">
							<PropertyValue Property="Target" AnnotationPath="@UI.FieldGroup#Personal"/>
							<PropertyValue Property="Label" String="Personal"/>
						</Record>
						<Record Type="UI.ReferenceFacet">
							<PropertyValue Property="Target" AnnotationPath="@UI.FieldGroup#Business"/>
							<PropertyValue Property="Label" String="Business"/>
						</Record>
						<Record Type="UI.ReferenceFacet">
							<PropertyValue Property="Target" AnnotationPath="@UI.FieldGroup#Orders"/>
							<PropertyValue Property="Label" String="Orders"/>
						</Record>
					</Collection>
				</Annotation>
				<Annotation Term="UI.FieldGroup" Qualifier="Personal">
					<Record Type="UI.FieldGroupType">
						<PropertyValue Property="Data">
							<Collection>
								<Record Type="UI.DataField">
									<PropertyValue Property="Value" Path="TitleOfCourtesy"/>
									<PropertyValue Property="Label" String="Title of Courtesy"/>
								</Record>
								<Record Type="UI.DataField">
									<PropertyValue Property="Value" Path="BirthDate"/>
									<PropertyValue Property="Label" String="Birth Date"/>
								</Record>
								<Record Type="UI.DataField">
									<PropertyValue Property="Value" Path="City"/>
									<PropertyValue Property="Label" String="City"/>
								</Record>
								<Record Type="UI.DataField">
									<PropertyValue Property="Value" Path="PostalCode"/>
									<PropertyValue Property="Label" String="Postal Code"/>
								</Record>
								<Record Type="UI.DataField">
									<PropertyValue Property="Value" Path="Region"/>
									<PropertyValue Property="Label" String="Region"/>
								</Record>
								<Record Type="UI.DataField">
									<PropertyValue Property="Value" Path="Country"/>
									<PropertyValue Property="Label" String="Country"/>
								</Record>
								<Record Type="UI.DataField">
									<PropertyValue Property="Value" Path="Notes"/>
									<PropertyValue Property="Label" String="Notes"/>
								</Record>
							</Collection>
						</PropertyValue>
						<PropertyValue Property="Label" String="Personal"/>
					</Record>
				</Annotation>
				<Annotation Term="UI.DataPoint" Qualifier="FirstName">
					<Record Type="UI.DataPointType">
						<PropertyValue Property="Title" String="{@i18n&gt;FIRST_NAME}"/>
						<PropertyValue Property="Value" Path="FirstName"/>
					</Record>
				</Annotation>
				<Annotation Term="UI.DataPoint" Qualifier="LastName">
					<Record Type="UI.DataPointType">
						<PropertyValue Property="Title" String="Last Name"/>
						<PropertyValue Property="Value" Path="LastName"/>
					</Record>
				</Annotation>
				<Annotation Term="UI.DataPoint" Qualifier="Title">
					<Record Type="UI.DataPointType">
						<PropertyValue Property="Title" String="{@i18n&gt;TITLE}"/>
						<PropertyValue Property="Value" Path="Title"/>
					</Record>
				</Annotation>
				<Annotation Term="UI.SelectionFields">
					<Collection>
						<PropertyPath>City</PropertyPath>
						<PropertyPath>Country</PropertyPath>
					</Collection>
				</Annotation>
				<Annotation Term="UI.HeaderInfo">
					<Record Type="UI.HeaderInfoType">
						<PropertyValue Property="TypeName" String="{@i18n&gt;EMPLOYEE}"/>
						<PropertyValue Property="TypeNamePlural" String="{@i18n&gt;EMPLOYEES}"/>
						<PropertyValue Property="Title">
							<Record Type="UI.DataField">
								<PropertyValue Property="Value" Path="EmployeeID"/>
							</Record>
						</PropertyValue>
						<PropertyValue Property="ImageUrl" Path="Photo"/>
					</Record>
				</Annotation>
				<Annotation Term="UI.LineItem">
					<Collection>
						<Record Type="UI.DataField">
							<PropertyValue Property="Value" Path="EmployeeID"/>
						</Record>
						<Record Type="UI.DataField">
							<PropertyValue Property="Value" Path="FirstName"/>
						</Record>
						<Record Type="UI.DataField">
							<PropertyValue Property="Value" Path="LastName"/>
						</Record>
						<Record Type="UI.DataField">
							<PropertyValue Property="Value" Path="BirthDate"/>
						</Record>
						<Record Type="UI.DataField">
							<PropertyValue Property="Value" Path="City"/>
						</Record>
						<Record Type="UI.DataField">
							<PropertyValue Property="Value" Path="Address"/>
						</Record>
						<Record Type="UI.DataField">
							<PropertyValue Property="Value" Path="Country"/>
						</Record>
					</Collection>
				</Annotation>
				<Annotatation Term="com.sap.vocabularies.Common.v1.ValueList">
					<Record>
						<PropertyValue Property="CollectionPath" String="EmployeeF4Set"/>
						<PropertyValue Property="SearchSupported" Bool="true"/>
						<PropertyValue Property="Parameters">
							<Record Type="com.sap.vocabularies.Common.v1.ValueListParameterOut">
								<PropertyValue Property="LocalDataProperty" Path="Country"/>
								<PropertyValue Property="ValueListProperty" String="Country"/>
							</Record>
							<Record Type="com.sap.vocabularies.Common.v1.ValueListParameterDisplayOnly">
								<PropertyValue Property="ValueListProperty" String="Country"/>
							</Record>
						</PropertyValue>
					</Record>
				</Annotatation>
			</Annotations>
		</Schema>
	</edmx:DataServices>
</edmx:Edmx>